lat,lon,speed_kmh
21.072470,105.773872,35.0
21.072468,105.773727,35.0
21.072465,105.773583,35.0
21.072465,105.773551,12.0
21.072330,105.773553,35.0
21.072195,105.773556,35.0
21.072060,105.773558,35.0
21.071925,105.773560,35.0
21.071892,105.773561,34.9
21.071757,105.773564,35.0
21.071745,105.773564,12.0
21.071747,105.773709,35.0
21.071750,105.773853,35.0
21.071750,105.773875,12.0
21.071655,105.773872,34.0
21.071538,105.773874,12.0
21.071537,105.774019,35.0
21.071537,105.774103,34.4
21.071540,105.774248,35.0
21.071543,105.774392,35.0
21.071546,105.774520,34.9
21.071550,105.774665,35.0
21.071553,105.774779,34.9
21.071556,105.774869,34.5
21.071558,105.775014,35.0
21.071560,105.775158,35.0
21.071560,105.775182,34.6
21.071559,105.775327,35.0
21.071559,105.775471,35.0
21.071558,105.775616,35.0
21.071558,105.775760,35.0
21.071557,105.775905,35.0
21.071556,105.776049,35.0
21.071556,105.776194,35.0
21.071555,105.776339,35.0
21.071555,105.776483,35.0
21.071554,105.776628,35.0
21.071553,105.776772,35.0
21.071553,105.776880,35.0
21.071552,105.777025,35.0
21.071552,105.777116,35.0
21.071551,105.777261,35.0
21.071550,105.777405,35.0
21.071550,105.777550,35.0
21.071549,105.777655,35.0
21.071548,105.777800,35.0
21.071548,105.777944,35.0
21.071547,105.778089,35.0
21.071546,105.778233,35.0
21.071545,105.778378,35.0
21.071545,105.778442,35.0
21.071544,105.778587,35.0
21.071543,105.778731,35.0
21.071543,105.778876,35.0
21.071542,105.779020,35.0
21.071541,105.779165,35.0
21.071540,105.779309,35.0
21.071540,105.779454,35.0
21.071539,105.779599,35.0
21.071538,105.779743,35.0
21.071537,105.779888,35.0
21.071537,105.780032,35.0
21.071536,105.780177,35.0
21.071535,105.780321,35.0
21.071534,105.780466,35.0
21.071534,105.780523,35.0
21.071533,105.780668,35.0
21.071533,105.780769,34.8
21.071532,105.780854,34.8
21.071531,105.780999,35.0
21.071531,105.781115,34.9
21.071531,105.781260,35.0
21.071531,105.781404,35.0
21.071531,105.781549,35.0
21.071531,105.781693,35.0
21.071531,105.781838,35.0
21.071531,105.781982,35.0
21.071531,105.782127,35.0
21.071531,105.782272,35.0
21.071531,105.782364,35.0
21.071531,105.782509,35.0
21.071531,105.782653,35.0
21.071531,105.782798,35.0
21.071531,105.782942,35.0
21.071531,105.783087,35.0
21.071532,105.783231,35.0
21.071532,105.783376,35.0
21.071532,105.783521,35.0
21.071532,105.783665,35.0
21.071532,105.783810,35.0
21.071532,105.783903,28.9
21.071555,105.783989,28.9
21.071591,105.784051,27.4
21.071643,105.784095,23.8
21.071725,105.784109,32.9
21.071860,105.784118,35.0
21.071994,105.784127,35.0
21.072129,105.784136,35.0
21.072264,105.784145,35.0
21.072398,105.784154,35.0
21.072533,105.784163,35.0
21.072666,105.784172,35.0
21.072774,105.784179,34.8
21.072909,105.784189,35.0
21.073043,105.784199,35.0
21.073178,105.784209,35.0
21.073312,105.784219,35.0
21.073447,105.784230,35.0
21.073581,105.784240,35.0
21.073716,105.784250,35.0
21.073851,105.784260,35.0
21.073985,105.784270,35.0
21.074120,105.784280,35.0
21.074254,105.784290,35.0
21.074389,105.784300,35.0
21.074523,105.784310,35.0
21.074658,105.784321,35.0
21.074793,105.784331,35.0
21.074927,105.784341,35.0
21.075062,105.784351,35.0
21.075196,105.784361,35.0
21.075331,105.784371,35.0
21.075410,105.784377,34.9
21.075545,105.784388,35.0
21.075679,105.784398,35.0
21.075814,105.784409,35.0
21.075948,105.784420,35.0
21.075978,105.784422,18.2
21.076068,105.784530,35.0
21.076158,105.784637,35.0
21.076168,105.784649,33.9
21.076253,105.784761,35.0
21.076338,105.784874,35.0
21.076360,105.784903,20.5
21.076491,105.784936,35.0
21.076623,105.784969,35.0
21.076690,105.784986,12.0
21.076645,105.785115,27.1
21.076645,105.785260,35.0
21.076645,105.785400,34.5
21.076648,105.785545,35.0
21.076650,105.785636,35.0
21.076653,105.785781,35.0
21.076654,105.785823,34.8
21.076656,105.785968,35.0
21.076657,105.786112,35.0
21.076658,105.786159,33.7
21.076652,105.786303,35.0
21.076646,105.786448,35.0
21.076645,105.786471,34.2
21.076644,105.786616,35.0
21.076643,105.786760,35.0
21.076643,105.786825,34.9
21.076643,105.786970,35.0
21.076643,105.787031,34.8
21.076644,105.787176,35.0
21.076645,105.787320,35.0
21.076646,105.787427,33.9
21.076654,105.787571,35.0
21.076662,105.787716,35.0
21.076664,105.787752,21.7
21.076747,105.787866,35.0
21.076753,105.787874,32.6
21.076793,105.787918,30.7
21.076842,105.787954,30.1
21.076955,105.788002,34.8
21.077080,105.788057,35.0
21.077205,105.788111,35.0
21.077330,105.788166,35.0
21.077454,105.788221,35.0
21.077579,105.788275,35.0
21.077704,105.788330,35.0
21.077829,105.788385,35.0
21.077954,105.788440,35.0
21.078079,105.788494,35.0
21.078204,105.788549,35.0
21.078311,105.788596,12.0
21.078256,105.788728,35.0
21.078200,105.788860,35.0
21.078145,105.788991,35.0
21.078089,105.789123,35.0
21.078034,105.789255,35.0
21.077981,105.789381,34.9
21.077925,105.789512,35.0
21.077869,105.789644,35.0
21.077813,105.789775,35.0
21.077757,105.789907,35.0
21.077700,105.790038,35.0
21.077687,105.790070,34.4
21.077634,105.790203,35.0
21.077630,105.790214,34.1
21.077572,105.790345,35.0
21.077541,105.790415,34.3
21.077487,105.790547,35.0
21.077433,105.790680,35.0
21.077379,105.790812,35.0
21.077325,105.790945,35.0
21.077297,105.791014,34.5
21.077246,105.791148,35.0
21.077195,105.791282,35.0
21.077144,105.791415,35.0
21.077093,105.791549,34.6
21.077040,105.791682,35.0
21.076987,105.791815,35.0
21.076969,105.791859,35.0
21.076922,105.791976,33.9
21.076875,105.792111,35.0
21.076839,105.792214,33.9
21.076805,105.792298,34.7
21.076753,105.792431,35.0
21.076701,105.792565,35.0
21.076683,105.792610,34.8
21.076632,105.792744,35.0
21.076581,105.792878,35.0
21.076530,105.793012,35.0
21.076515,105.793052,34.7
21.076462,105.793185,35.0
21.076427,105.793274,34.4
21.076378,105.793409,35.0
21.076362,105.793452,34.9
21.076334,105.793528,34.5
21.076314,105.793579,34.7
21.076270,105.793687,34.9
21.076218,105.793813,34.9
21.076164,105.793945,35.0
21.076110,105.794078,35.0
21.076060,105.794200,34.1
21.076011,105.794335,35.0
21.075989,105.794395,34.6
21.075938,105.794529,35.0
21.075930,105.794549,34.7
21.075880,105.794683,35.0
21.075831,105.794818,35.0
21.075781,105.794952,35.0
21.075731,105.795087,35.0
21.075681,105.795221,35.0
21.075680,105.795225,34.9
21.075631,105.795360,35.0
21.075581,105.795494,35.0
21.075553,105.795572,34.5
21.075501,105.795705,35.0
21.075449,105.795839,35.0
21.075397,105.795972,35.0
21.075345,105.796106,35.0
21.075293,105.796239,35.0
21.075241,105.796373,35.0
21.075189,105.796506,35.0
21.075138,105.796639,35.0
21.075086,105.796773,35.0
21.075034,105.796906,35.0
21.074982,105.797040,35.0
21.074930,105.797173,35.0
21.074878,105.797307,35.0
21.074826,105.797440,35.0
21.074774,105.797573,35.0
21.074722,105.797707,35.0
21.074670,105.797840,35.0
21.074618,105.797974,35.0
21.074566,105.798107,35.0
21.074522,105.798221,34.9
21.074471,105.798355,35.0
21.074470,105.798357,34.8
21.074439,105.798436,35.0
21.074428,105.798464,34.7
21.074419,105.798486,34.7
21.074366,105.798619,35.0
21.074314,105.798752,35.0
21.074261,105.798885,35.0
21.074249,105.798916,34.4
21.074200,105.799051,35.0
21.074150,105.799185,35.0
21.074101,105.799320,35.0
21.074052,105.799454,35.0
21.074041,105.799483,34.7
21.073990,105.799617,35.0
21.073939,105.799751,35.0
21.073897,105.799861,35.0
21.073889,105.799882,34.6
21.073840,105.800017,35.0
21.073826,105.800056,34.5
21.073816,105.800082,34.6
21.073767,105.800217,35.0
21.073750,105.800264,34.1
21.073696,105.800396,35.0
21.073642,105.800529,35.0
21.073588,105.800661,35.0
21.073534,105.800794,35.0
21.073497,105.800883,34.1
21.073450,105.801012,34.6
21.073399,105.801146,35.0
21.073347,105.801279,35.0
21.073296,105.801413,35.0
21.073245,105.801547,35.0
21.073193,105.801680,35.0
21.073142,105.801814,35.0
21.073090,105.801948,35.0
21.073039,105.802081,35.0
21.072988,105.802215,35.0
21.072957,105.802295,34.5
21.072903,105.802427,35.0
21.072848,105.802560,35.0
21.072834,105.802594,35.0
21.072780,105.802726,35.0
21.072745,105.802811,34.9
21.072690,105.802943,35.0
21.072636,105.803075,35.0
21.072581,105.803208,35.0
21.072526,105.803340,35.0
21.072472,105.803472,35.0
21.072417,105.803604,35.0
21.072370,105.803718,34.8
21.072318,105.803841,34.8
21.072264,105.803973,35.0
21.072209,105.804106,35.0
21.072187,105.804159,33.5
21.072141,105.804295,35.0
21.072095,105.804431,35.0
21.072049,105.804567,35.0
21.072021,105.804648,35.0
21.071975,105.804784,35.0
21.071929,105.804920,35.0
21.071915,105.804961,35.0
21.071869,105.805097,35.0
21.071823,105.805233,35.0
21.071777,105.805369,35.0
21.071731,105.805505,35.0
21.071685,105.805641,35.0
21.071656,105.805728,35.0
21.071610,105.805864,35.0
21.071564,105.806000,35.0
21.071518,105.806136,35.0
21.071473,105.806272,35.0
21.071427,105.806408,35.0
21.071407,105.806466,34.9
21.071386,105.806529,34.0
21.071335,105.806663,35.0
21.071284,105.806797,35.0
21.071261,105.806856,34.9
21.071211,105.806990,35.0
21.071160,105.807124,35.0
21.071110,105.807258,35.0
21.071060,105.807393,35.0
21.071009,105.807527,35.0
21.070959,105.807661,35.0
21.070959,105.807661,34.6
21.070906,105.807794,35.0
21.070896,105.807820,34.9
21.070843,105.807953,35.0
21.070790,105.808086,35.0
21.070737,105.808219,35.0
21.070683,105.808351,35.0
21.070630,105.808484,35.0
21.070626,105.808495,34.0
21.070578,105.808630,35.0
21.070531,105.808766,35.0
21.070529,105.808771,34.4
21.070494,105.808863,34.8
21.070465,105.808941,34.8
21.070443,105.809002,34.8
21.070426,105.809048,35.0
21.070406,105.809102,34.9
21.070383,105.809163,35.0
21.070333,105.809297,35.0
21.070332,105.809299,34.5
21.070284,105.809434,35.0
21.070270,105.809475,24.2
21.070179,105.809560,27.2
21.070131,105.809654,33.6
21.070074,105.809785,35.0
21.070016,105.809916,35.0
21.069959,105.810047,35.0
21.069902,105.810177,35.0
21.069844,105.810308,35.0
21.069787,105.810439,35.0
21.069765,105.810489,34.3
21.069704,105.810618,35.0
21.069643,105.810747,35.0
21.069601,105.810834,33.9
21.069546,105.810966,35.0
21.069491,105.811098,35.0
21.069490,105.811099,34.5
21.069438,105.811216,30.1
21.069373,105.811304,30.2
21.069270,105.811394,34.7
21.069230,105.811428,28.4
21.069207,105.811464,29.3
21.069193,105.811506,29.0
21.069190,105.811551,30.3
21.069195,105.811588,28.4
21.069214,105.811631,30.6
21.069237,105.811664,28.2
21.069275,105.811693,28.9
21.069320,105.811710,28.1
21.069357,105.811711,30.6
21.069405,105.811702,28.0
21.069431,105.811687,31.6
21.069458,105.811665,15.8
21.069589,105.811697,35.0
21.069649,105.811712,34.8
21.069711,105.811728,34.5
21.069841,105.811765,35.0
21.069972,105.811802,35.0
21.070102,105.811839,35.0
21.070233,105.811876,35.0
21.070264,105.811885,34.6
21.070287,105.811892,34.8
21.070417,105.811930,35.0
21.070547,105.811968,35.0
21.070677,105.812006,35.0
21.070808,105.812044,35.0
21.070938,105.812082,35.0
21.071068,105.812121,35.0
21.071198,105.812159,35.0
21.071328,105.812197,35.0
21.071458,105.812235,35.0
21.071588,105.812273,35.0
21.071718,105.812311,35.0
21.071849,105.812349,35.0
21.071910,105.812367,34.9
21.072040,105.812406,35.0
21.072170,105.812445,35.0
21.072300,105.812483,35.0
21.072430,105.812522,35.0
21.072560,105.812561,35.0
21.072606,105.812575,34.3
21.072735,105.812618,35.0
21.072846,105.812656,34.6
21.072975,105.812697,35.0
21.073105,105.812738,35.0
21.073193,105.812766,34.8
21.073323,105.812806,35.0
21.073452,105.812846,35.0
21.073530,105.812870,34.1
21.073658,105.812916,35.0
21.073732,105.812942,35.0
21.073860,105.812988,35.0
21.073864,105.812989,33.3
21.073988,105.813045,35.0
21.074113,105.813101,35.0
21.074179,105.813131,32.9
21.074298,105.813200,35.0
21.074416,105.813268,35.0
21.074535,105.813337,35.0
21.074654,105.813406,35.0
21.074773,105.813474,35.0
21.074891,105.813543,35.0
21.074912,105.813555,33.4
21.075026,105.813633,35.0
21.075139,105.813711,35.0
21.075231,105.813774,34.9
21.075345,105.813851,35.0
21.075459,105.813929,35.0
21.075573,105.814006,35.0
21.075687,105.814083,35.0
21.075717,105.814104,35.0
21.075831,105.814181,35.0
21.075945,105.814258,35.0
21.076059,105.814336,35.0
21.076173,105.814413,35.0
21.076287,105.814490,35.0
21.076401,105.814567,35.0
21.076515,105.814645,35.0
21.076629,105.814722,35.0
21.076650,105.814736,34.9
21.076723,105.814786,34.6
21.076838,105.814862,35.0
21.076953,105.814937,35.0
21.077028,105.814987,34.9
21.077143,105.815063,35.0
21.077257,105.815139,35.0
21.077372,105.815215,35.0
21.077487,105.815291,35.0
21.077602,105.815367,35.0
21.077716,105.815443,35.0
21.077831,105.815519,35.0
21.077946,105.815595,35.0
21.077980,105.815618,34.4
21.078093,105.815697,35.0
21.078152,105.815739,34.7
21.078264,105.815820,35.0
21.078375,105.815901,35.0
21.078486,105.815982,34.8
21.078598,105.816062,35.0
21.078711,105.816142,35.0
21.078823,105.816222,35.0
21.078935,105.816303,35.0
21.078954,105.816316,34.9
21.079066,105.816397,35.0
21.079153,105.816460,34.3
21.079233,105.816522,34.8
21.079254,105.816538,34.9
21.079363,105.816622,35.0
21.079473,105.816707,35.0
21.079582,105.816791,35.0
21.079604,105.816808,35.0
21.079714,105.816892,35.0
21.079823,105.816977,35.0
21.079933,105.817061,35.0
21.080042,105.817145,35.0
21.080152,105.817230,35.0
21.080261,105.817314,35.0
21.080351,105.817383,34.8
21.080460,105.817468,35.0
21.080569,105.817554,35.0
21.080598,105.817577,34.9
21.080706,105.817663,35.0
21.080801,105.817738,22.2
21.080847,105.817874,35.0
21.080850,105.817882,29.8
21.080858,105.817957,32.5
21.080858,105.818005,32.7
21.080844,105.818149,35.0
21.080843,105.818159,32.9
21.080825,105.818255,15.8
21.080707,105.818324,35.0
21.080623,105.818373,34.2
21.080507,105.818447,35.0
21.080391,105.818520,35.0
21.080275,105.818594,35.0
21.080219,105.818629,34.4
21.080105,105.818706,35.0
21.079990,105.818782,35.0
21.079927,105.818825,34.7
21.079835,105.818885,33.9
21.079757,105.818942,34.0
21.079642,105.819018,35.0
21.079528,105.819094,35.0
21.079507,105.819108,35.0
21.079392,105.819184,35.0
21.079278,105.819260,35.0
21.079246,105.819281,33.0
21.079175,105.819338,33.6
21.079062,105.819417,35.0
21.079047,105.819428,34.9
21.078934,105.819507,35.0
21.078821,105.819586,35.0
21.078708,105.819664,35.0
21.078595,105.819743,35.0
21.078506,105.819805,34.8
21.078392,105.819883,35.0
21.078278,105.819960,35.0
21.078165,105.820038,35.0
21.078051,105.820116,35.0
21.077937,105.820193,35.0
21.077823,105.820271,35.0
21.077784,105.820298,34.9
21.077670,105.820375,35.0
21.077556,105.820452,35.0
21.077442,105.820529,35.0
21.077406,105.820553,32.9
21.077299,105.820641,35.0
21.077193,105.820730,35.0
21.077101,105.820806,33.6
21.077000,105.820901,35.0
21.076997,105.820904,34.2
21.076899,105.821003,35.0
21.076866,105.821037,34.6
21.076770,105.821138,35.0
21.076673,105.821239,35.0
21.076593,105.821324,34.3
21.076494,105.821422,35.0
21.076394,105.821520,35.0
21.076391,105.821523,34.8
21.076291,105.821620,35.0
21.076224,105.821684,34.9
21.076123,105.821780,35.0
21.076022,105.821876,35.0
21.075938,105.821956,34.6
21.075835,105.822050,35.0
21.075808,105.822075,34.6
21.075766,105.822112,34.9
21.075712,105.822160,31.9
21.075656,105.822226,34.7
21.075564,105.822332,35.0
21.075474,105.822435,34.0
21.075387,105.822545,35.0
21.075304,105.822649,34.4
21.075230,105.822737,34.0
21.075144,105.822849,35.0
21.075059,105.822961,35.0
21.074973,105.823072,35.0
21.074943,105.823112,34.7
21.074859,105.823225,35.0
21.074807,105.823294,34.2
21.074719,105.823403,35.0
21.074631,105.823513,35.0
21.074543,105.823622,35.0
21.074455,105.823732,35.0
21.074366,105.823841,35.0
21.074357,105.823853,34.9
21.074269,105.823963,35.0
21.074235,105.824006,34.9
21.074189,105.824064,34.5
21.074149,105.824112,33.7
21.074065,105.824226,35.0
21.073982,105.824339,35.0
21.073898,105.824453,35.0
21.073829,105.824547,34.3
21.073742,105.824658,35.0
21.073655,105.824768,35.0
21.073568,105.824879,35.0
21.073496,105.824971,34.0
21.073405,105.825077,35.0
21.073376,105.825111,32.6
21.073274,105.825206,35.0
21.073210,105.825266,33.1
21.073101,105.825351,35.0
21.072992,105.825436,35.0
21.072990,105.825438,33.3
21.072875,105.825514,35.0
21.072853,105.825529,34.7
21.072737,105.825603,35.0
21.072658,105.825654,32.3
21.072535,105.825712,35.0
21.072472,105.825742,34.0
21.072346,105.825794,35.0
21.072221,105.825847,35.0
21.072136,105.825882,31.0
21.072004,105.825909,35.0
21.071871,105.825937,35.0
21.071739,105.825964,35.0
21.071714,105.825969,34.2
21.071581,105.825991,35.0
21.071569,105.825993,32.1
21.071485,105.825995,34.4
21.071350,105.826002,35.0
21.071350,105.826002,34.3
21.071215,105.826005,35.0
21.071191,105.826005,35.0
21.071056,105.826008,35.0
21.070921,105.826010,35.0
21.070786,105.826013,35.0
21.070651,105.826016,35.0
21.070587,105.826017,34.5
21.070452,105.826023,35.0
21.070317,105.826028,35.0
21.070183,105.826034,35.0
21.070048,105.826040,35.0
21.069913,105.826046,35.0
21.069778,105.826051,35.0
21.069643,105.826057,35.0
21.069509,105.826063,35.0
21.069374,105.826069,35.0
21.069239,105.826074,35.0
21.069104,105.826080,35.0
21.068969,105.826086,35.0
21.068942,105.826087,33.3
21.068918,105.826086,27.7
21.068812,105.826042,27.3
21.068677,105.826039,35.0
21.068542,105.826037,35.0
21.068507,105.826036,34.9
21.068448,105.826035,28.8
21.068362,105.826060,30.6
21.068227,105.826069,35.0
21.068149,105.826075,31.4
21.068015,105.826061,35.0
21.068005,105.826060,34.0
21.067930,105.826056,29.2
21.067798,105.826087,35.0
21.067666,105.826117,35.0
21.067534,105.826148,35.0
21.067403,105.826178,35.0
21.067271,105.826209,35.0
21.067166,105.826233,34.0
21.067117,105.826247,34.2
21.066988,105.826289,35.0
21.066859,105.826332,35.0
21.066757,105.826365,34.2
21.066630,105.826412,35.0
21.066596,105.826425,30.8
21.066479,105.826498,35.0
21.066476,105.826500,34.4
21.066396,105.826547,32.6
21.066285,105.826630,35.0
21.066277,105.826636,31.7
21.066179,105.826736,35.0
21.066131,105.826785,34.3
21.066030,105.826881,35.0
21.065962,105.826947,34.4
21.065859,105.827040,35.0
21.065756,105.827134,35.0
21.065653,105.827227,35.0
21.065583,105.827291,31.9
21.065469,105.827368,35.0
21.065354,105.827444,35.0
21.065240,105.827521,35.0
21.065212,105.827540,34.9
21.065097,105.827616,35.0
21.065040,105.827654,12.0
21.065002,105.827592,34.1
21.064933,105.827468,35.0
21.064864,105.827344,35.0
21.064795,105.827220,35.0
21.064725,105.827095,35.0
21.064694,105.827039,34.8
21.064626,105.826914,35.0
21.064573,105.826817,33.7
21.064498,105.826697,35.0
21.064424,105.826576,35.0
21.064406,105.826548,32.5
21.064345,105.826419,35.0
21.064284,105.826290,35.0
21.064261,105.826243,34.0
21.064219,105.826164,34.1
21.064148,105.826041,35.0
21.064076,105.825919,35.0
21.064073,105.825913,35.0
21.064002,105.825790,35.0
21.063987,105.825765,34.4
21.063913,105.825644,35.0
21.063839,105.825524,35.0
21.063773,105.825417,34.4
21.063702,105.825294,35.0
21.063657,105.825216,34.1
21.063581,105.825096,35.0
21.063555,105.825055,34.1
21.063476,105.824941,33.0
21.063406,105.824818,35.0
21.063336,105.824694,35.0
21.063323,105.824672,33.8
21.063320,105.824666,33.5
21.063310,105.824649,20.4
21.063183,105.824600,35.0
21.063056,105.824551,35.0
21.062941,105.824507,34.1
21.062812,105.824464,35.0
21.062684,105.824421,35.0
21.062655,105.824411,34.3
21.062528,105.824364,35.0
21.062400,105.824316,35.0
21.062380,105.824309,33.1
21.062298,105.824287,34.3
21.062168,105.824247,35.0
21.062039,105.824208,35.0
21.062000,105.824196,34.3
21.061872,105.824152,35.0
21.061743,105.824108,35.0
21.061723,105.824101,34.2
21.061679,105.824084,34.7
21.061614,105.824060,34.1
21.061485,105.824019,35.0
21.061355,105.823977,35.0
21.061226,105.823936,35.0
21.061223,105.823935,35.0
21.061182,105.823922,34.9
21.061053,105.823881,35.0
21.060924,105.823839,35.0
21.060805,105.823801,34.6
21.060742,105.823782,34.1
21.060702,105.823768,34.6
21.060573,105.823725,35.0
21.060444,105.823683,35.0
21.060333,105.823646,34.3
21.060275,105.823629,35.0
21.060145,105.823591,35.0
21.060125,105.823585,34.1
21.060001,105.823543,32.8
21.059877,105.823486,35.0
21.059868,105.823482,29.1
21.059794,105.823419,30.5
21.059749,105.823361,34.9
21.059710,105.823311,33.3
21.059632,105.823193,35.0
21.059554,105.823075,35.0
21.059479,105.822963,34.9
21.059401,105.822845,35.0
21.059323,105.822727,35.0
21.059295,105.822684,33.1
21.059208,105.822574,35.0
21.059121,105.822463,35.0
21.059091,105.822425,34.6
21.059002,105.822316,35.0
21.058931,105.822230,32.9
21.058882,105.822157,33.8
21.058798,105.822044,35.0
21.058757,105.821990,32.0
21.058659,105.821890,35.0
21.058641,105.821872,25.1
21.058565,105.821846,23.5
21.058479,105.821866,27.6
21.058364,105.821941,35.0
21.058340,105.821957,33.0
21.058232,105.822043,35.0
21.058185,105.822080,34.7
21.058090,105.822153,12.0
21.058073,105.822112,31.2
21.058046,105.822069,32.3
21.058008,105.822022,34.6
21.057922,105.821911,35.0
21.057835,105.821800,35.0
21.057749,105.821689,35.0
21.057734,105.821669,34.7
21.057649,105.821557,35.0
21.057565,105.821444,35.0
21.057480,105.821332,35.0
21.057462,105.821308,34.8
21.057378,105.821195,35.0
21.057349,105.821155,34.8
21.057271,105.821051,34.4
21.057225,105.820993,33.1
21.057147,105.820875,35.0
21.057138,105.820862,33.6
21.057053,105.820750,35.0
21.057003,105.820684,34.9
21.056918,105.820572,35.0
21.056902,105.820550,34.8
21.056818,105.820437,35.0
21.056812,105.820428,33.0
21.056719,105.820323,35.0
21.056680,105.820279,33.2
21.056596,105.820166,35.0
21.056522,105.820068,34.1
21.056442,105.819952,35.0
21.056390,105.819876,32.3
21.056324,105.819750,35.0
21.056273,105.819654,12.0
21.056139,105.819673,35.0
21.056006,105.819692,35.0
21.055872,105.819711,35.0
21.055748,105.819729,34.4
21.055739,105.819730,34.3
21.055605,105.819749,35.0
21.055472,105.819768,35.0
21.055391,105.819780,29.6
21.055351,105.819797,24.3
21.055309,105.819850,27.5
21.055293,105.819895,34.6
21.055242,105.820029,35.0
21.055192,105.820163,35.0
21.055144,105.820290,23.5
21.055038,105.820379,35.0
21.055006,105.820406,34.5
21.054902,105.820498,35.0
21.054879,105.820518,32.2
21.054815,105.820591,34.9
21.054781,105.820630,29.4
21.054740,105.820711,33.8
21.054728,105.820732,27.5
21.054700,105.820873,35.0
21.054698,105.820885,13.8
21.054791,105.820990,35.0
21.054823,105.821026,34.9
21.054881,105.821092,33.5
21.054967,105.821204,35.0
21.055052,105.821315,35.0
21.055111,105.821392,32.8
21.055184,105.821470,27.0
21.055207,105.821481,34.9
21.055309,105.821529,24.2
21.055437,105.821518,23.4
21.055548,105.821436,35.0
21.055624,105.821379,33.6
21.055672,105.821348,34.2
21.055705,105.821325,12.0
21.055773,105.821385,31.4
21.055862,105.821494,35.0
21.055917,105.821561,33.5
21.055999,105.821676,35.0
21.056080,105.821791,35.0
21.056118,105.821844,34.5
21.056193,105.821945,35.0
21.056277,105.822058,35.0
21.056361,105.822171,35.0
21.056445,105.822285,35.0
21.056453,105.822296,34.1
21.056541,105.822405,35.0
21.056630,105.822515,35.0
21.056718,105.822624,35.0
21.056722,105.822629,32.8
21.056799,105.822747,35.0
21.056841,105.822811,34.0
21.056889,105.822892,34.7
21.056960,105.823015,35.0
21.056982,105.823053,33.7
21.057046,105.823180,35.0
21.057110,105.823307,35.0
21.057175,105.823434,35.0
21.057239,105.823562,35.0
21.057286,105.823655,34.8
21.057351,105.823782,35.0
21.057416,105.823908,35.0
21.057481,105.824035,35.0
21.057546,105.824162,35.0
21.057611,105.824288,35.0
21.057676,105.824415,35.0
21.057741,105.824542,35.0
21.057806,105.824668,35.0
21.057828,105.824711,31.5
21.057911,105.824825,35.0
21.057994,105.824939,35.0
21.058077,105.825053,35.0
21.058160,105.825167,35.0
21.058199,105.825220,32.6
21.058293,105.825324,35.0
21.058326,105.825360,25.3
21.058423,105.825399,32.3
21.058489,105.825416,33.2
21.058540,105.825434,28.3
21.058592,105.825474,32.9
21.058694,105.825569,35.0
21.058795,105.825664,35.0
21.058837,105.825703,33.3
21.058879,105.825749,34.5
21.058975,105.825850,35.0
21.059072,105.825951,35.0
21.059168,105.826052,35.0
21.059265,105.826153,35.0
21.059361,105.826254,35.0
21.059458,105.826355,35.0
21.059554,105.826456,35.0
21.059651,105.826557,35.0
21.059747,105.826658,35.0
21.059844,105.826759,35.0
21.059939,105.826859,30.5
21.060053,105.826937,35.0
21.060091,105.826963,34.4
21.060203,105.827044,35.0
21.060315,105.827125,35.0
21.060426,105.827206,35.0
21.060496,105.827256,31.4
21.060594,105.827355,35.0
21.060692,105.827454,35.0
21.060769,105.827532,34.5
21.060865,105.827634,35.0
21.060961,105.827735,35.0
21.060991,105.827767,34.8
21.061069,105.827851,31.1
21.061146,105.827970,35.0
21.061205,105.828062,33.4
21.061289,105.828175,35.0
21.061357,105.828265,27.9
21.061471,105.828343,35.0
21.061575,105.828415,32.2
21.061697,105.828477,35.0
21.061819,105.828539,35.0
21.061940,105.828602,35.0
21.062062,105.828664,35.0
21.062184,105.828726,35.0
21.062211,105.828740,26.5
21.062302,105.828847,35.0
21.062393,105.828954,35.0
21.062419,105.828985,34.1
21.062506,105.829096,35.0
21.062570,105.829178,33.5
21.062664,105.829282,35.0
21.062720,105.829345,34.3
21.062781,105.829409,34.0
21.062815,105.829448,12.0
21.062726,105.829557,35.0
21.062637,105.829666,35.0
21.062549,105.829774,35.0
21.062460,105.829883,35.0
21.062371,105.829992,35.0
21.062282,105.830101,35.0
21.062208,105.830192,33.5
21.062127,105.830307,35.0
21.062045,105.830423,35.0
21.061964,105.830538,35.0
21.061882,105.830653,35.0
21.061869,105.830672,32.1
21.061803,105.830798,35.0
21.061736,105.830924,35.0
21.061670,105.831050,35.0
21.061604,105.831176,35.0
21.061584,105.831213,34.6
21.061520,105.831340,35.0
21.061456,105.831467,35.0
21.061454,105.831471,34.9
21.061390,105.831599,35.0
21.061328,105.831724,34.6
21.061262,105.831850,35.0
21.061259,105.831857,33.9
21.061225,105.831931,34.9
21.061196,105.831995,34.7
21.061172,105.832046,33.1
21.061122,105.832180,35.0
21.061097,105.832247,34.8
21.061046,105.832381,35.0
21.060995,105.832514,35.0
21.060989,105.832529,34.8
21.060959,105.832609,34.7
21.060912,105.832739,34.1
21.060872,105.832838,22.0
21.060758,105.832916,35.0
21.060739,105.832929,33.6
21.060697,105.832962,34.2
21.060591,105.833052,35.0
21.060485,105.833141,35.0
21.060380,105.833231,35.0
21.060274,105.833321,35.0
21.060168,105.833411,35.0
21.060117,105.833454,35.0
21.060011,105.833544,35.0
21.059905,105.833633,35.0
21.059855,105.833676,33.9
21.059783,105.833731,32.8
21.059667,105.833802,33.9
21.059547,105.833867,35.0
21.059459,105.833915,34.1
21.059336,105.833975,35.0
21.059217,105.834034,33.2
21.059099,105.834105,35.0
21.059051,105.834134,31.3
21.058946,105.834225,35.0
21.058941,105.834229,28.7
21.058914,105.834241,29.7
21.058890,105.834260,27.9
21.058873,105.834286,28.6
21.058864,105.834315,29.5
21.058862,105.834346,28.6
21.058866,105.834365,12.0
21.058762,105.834457,35.0
21.058736,105.834480,34.9
21.058632,105.834572,35.0
21.058527,105.834663,35.0
21.058435,105.834744,32.2
21.058339,105.834808,34.1
21.058228,105.834889,35.0
21.058128,105.834962,34.3
21.058043,105.835020,33.5
21.057924,105.835089,35.0
21.057806,105.835158,35.0
21.057687,105.835227,35.0
21.057569,105.835296,35.0
21.057450,105.835365,35.0
21.057381,105.835405,34.4
21.057261,105.835470,35.0
21.057140,105.835535,35.0
21.057020,105.835601,35.0
21.056899,105.835666,35.0
21.056879,105.835677,34.3
21.056757,105.835738,34.1
21.056637,105.835804,35.0
21.056607,105.835821,34.5
21.056489,105.835890,35.0
21.056458,105.835908,34.7
21.056382,105.835954,34.6
21.056263,105.836023,35.0
21.056183,105.836069,34.9
21.056065,105.836138,35.0
21.056007,105.836172,34.6
21.055888,105.836239,35.0
21.055861,105.836254,34.2
21.055739,105.836317,35.0
21.055647,105.836364,33.6
21.055544,105.836426,34.1
21.055424,105.836492,35.0
21.055304,105.836557,35.0
21.055184,105.836623,35.0
21.055063,105.836689,35.0
21.055023,105.836711,34.9
21.054903,105.836778,35.0
21.054784,105.836844,35.0
21.054664,105.836911,35.0
21.054544,105.836977,35.0
21.054424,105.837044,35.0
21.054363,105.837078,34.9
21.054244,105.837145,35.0
21.054124,105.837212,35.0
21.054005,105.837279,35.0
21.053885,105.837346,35.0
21.053884,105.837347,34.9
21.053764,105.837414,35.0
21.053645,105.837480,35.0
21.053525,105.837547,35.0
21.053405,105.837613,35.0
21.053359,105.837639,34.9
21.053240,105.837706,35.0
21.053238,105.837707,34.5
21.053117,105.837771,35.0
21.053086,105.837788,34.7
21.052966,105.837850,31.8
21.052863,105.837925,34.9
21.052769,105.837994,34.5
21.052712,105.838034,33.5
21.052605,105.838121,35.0
21.052594,105.838130,34.9
21.052496,105.838209,33.7
21.052403,105.838294,32.9
21.052321,105.838385,33.6
21.052223,105.838481,34.8
21.052185,105.838519,33.9
21.052155,105.838546,34.6
21.052123,105.838576,35.0
21.052021,105.838671,35.0
21.051983,105.838707,33.0
21.051890,105.838811,35.0
21.051796,105.838916,35.0
21.051703,105.839020,35.0
21.051655,105.839074,34.4
21.051559,105.839176,35.0
21.051532,105.839204,34.1
21.051440,105.839310,35.0
21.051348,105.839415,35.0
21.051278,105.839496,34.1
21.051182,105.839598,35.0
21.051086,105.839699,35.0
21.051076,105.839710,33.5
21.050974,105.839804,35.0
21.050872,105.839899,35.0
21.050853,105.839916,31.8
21.050747,105.839988,33.9
21.050630,105.840059,35.0
21.050584,105.840087,34.9
21.050494,105.840141,34.3
21.050432,105.840181,33.7
21.050313,105.840248,35.0
21.050253,105.840282,34.2
21.050183,105.840318,32.8
21.050068,105.840393,35.0
21.049953,105.840469,35.0
21.049893,105.840508,30.5
21.049795,105.840607,35.0
21.049699,105.840703,34.9
21.049662,105.840740,34.4
21.049566,105.840842,35.0
21.049470,105.840943,35.0
21.049400,105.841017,35.0
21.049304,105.841118,35.0
21.049208,105.841220,35.0
21.049112,105.841321,35.0
21.049015,105.841422,35.0
21.048975,105.841465,34.4
21.048876,105.841564,35.0
21.048789,105.841651,35.0
21.048690,105.841750,35.0
21.048658,105.841782,34.6
21.048574,105.841863,33.9
21.048469,105.841954,35.0
21.048365,105.842046,35.0
21.048260,105.842137,35.0
21.048156,105.842229,35.0
21.048051,105.842320,35.0
21.048049,105.842322,34.7
21.047946,105.842415,35.0
21.047842,105.842508,35.0
21.047739,105.842601,35.0
21.047635,105.842693,35.0
21.047532,105.842786,35.0
21.047429,105.842879,35.0
21.047402,105.842903,33.5
21.047305,105.843003,35.0
21.047207,105.843103,35.0
21.047110,105.843203,35.0
21.047099,105.843215,34.9
21.047001,105.843315,35.0
21.046904,105.843414,35.0
21.046806,105.843514,35.0
21.046769,105.843552,34.7
21.046670,105.843650,35.0
21.046637,105.843683,34.6
21.046540,105.843783,35.0
21.046516,105.843808,34.6
21.046421,105.843910,35.0
21.046325,105.844012,35.0
21.046230,105.844115,35.0
21.046134,105.844217,35.0
21.046050,105.844307,34.6
21.045953,105.844407,35.0
21.045856,105.844508,35.0
21.045759,105.844608,35.0
21.045662,105.844708,35.0
21.045610,105.844762,31.9
21.045554,105.844839,34.6
21.045526,105.844879,34.7
21.045444,105.844993,35.0
21.045361,105.845108,35.0
21.045279,105.845222,35.0
21.045197,105.845337,35.0
21.045114,105.845451,35.0
21.045062,105.845524,34.5
21.045012,105.845597,33.2
21.044923,105.845706,35.0
21.044835,105.845815,35.0
21.044746,105.845924,35.0
21.044719,105.845957,34.8
21.044629,105.846065,35.0
21.044539,105.846173,35.0
21.044450,105.846281,35.0
21.044397,105.846344,33.1
21.044316,105.846460,35.0
21.044235,105.846575,35.0
21.044155,105.846691,35.0
21.044075,105.846805,34.8
21.044010,105.846900,31.4
21.043933,105.846981,31.4
21.043823,105.847064,35.0
21.043760,105.847111,34.2
21.043653,105.847198,35.0
21.043610,105.847233,34.9
21.043528,105.847299,33.7
21.043425,105.847393,35.0
21.043323,105.847486,35.0
21.043322,105.847487,33.7
21.043214,105.847574,35.0
21.043106,105.847661,35.0
21.042999,105.847748,35.0
21.042891,105.847835,35.0
21.042783,105.847922,35.0
21.042675,105.848009,35.0
21.042568,105.848095,35.0
21.042460,105.848182,35.0
21.042392,105.848237,34.7
21.042283,105.848323,35.0
21.042174,105.848408,35.0
21.042066,105.848494,35.0
21.041985,105.848557,34.4
21.041927,105.848600,34.6
21.041826,105.848678,34.8
21.041801,105.848697,35.0
21.041776,105.848716,34.8
21.041706,105.848770,32.2
21.041607,105.848869,35.0
21.041515,105.848961,34.8
21.041415,105.849059,35.0
21.041411,105.849063,32.6
21.041379,105.849102,34.5
21.041288,105.849209,35.0
21.041197,105.849315,35.0
21.041106,105.849422,35.0
21.041014,105.849528,35.0
21.040923,105.849635,35.0
21.040894,105.849669,33.8
21.040808,105.849781,35.0
21.040732,105.849880,34.5
21.040696,105.849929,32.4
21.040603,105.850029,34.9
21.040507,105.850131,35.0
21.040419,105.850225,34.3
21.040404,105.850240,34.4
21.040308,105.850341,35.0
21.040271,105.850380,34.9
21.040175,105.850482,35.0
21.040079,105.850583,35.0
21.040014,105.850652,34.3
21.039915,105.850750,35.0
21.039856,105.850809,33.7
21.039752,105.850901,35.0
21.039647,105.850992,35.0
21.039601,105.851033,33.9
21.039501,105.851130,35.0
21.039477,105.851154,34.3
21.039380,105.851243,33.6
21.039282,105.851322,34.8
21.039175,105.851410,35.0
21.039068,105.851497,35.0
21.039035,105.851524,33.7
21.038968,105.851586,34.1
21.038863,105.851676,35.0
21.038844,105.851692,33.5
21.038776,105.851759,34.0
21.038718,105.851811,34.7
21.038616,105.851905,35.0
21.038570,105.851947,34.3
21.038465,105.852038,35.0
21.038360,105.852128,35.0
21.038255,105.852219,35.0
21.038150,105.852310,35.0
21.038045,105.852401,35.0
21.037940,105.852491,35.0
21.037922,105.852507,35.0
21.037817,105.852598,35.0
21.037712,105.852689,35.0
21.037607,105.852780,35.0
21.037503,105.852870,34.7
21.037397,105.852959,35.0
21.037291,105.853049,35.0
21.037185,105.853138,35.0
21.037179,105.853143,34.4
21.037071,105.853229,35.0
21.037035,105.853258,35.0
21.036949,105.853327,33.7
21.036846,105.853420,35.0
21.036764,105.853494,34.6
21.036659,105.853585,35.0
21.036639,105.853603,30.7
21.036553,105.853714,35.0
21.036525,105.853751,32.3
21.036427,105.853850,35.0
21.036401,105.853877,33.0
21.036295,105.853966,35.0
21.036189,105.854056,35.0
21.036106,105.854126,31.9
21.035989,105.854199,35.0
21.035873,105.854272,35.0
21.035756,105.854344,35.0
21.035680,105.854392,33.7
21.035560,105.854457,35.0
21.035485,105.854498,34.8
21.035453,105.854515,34.4
21.035331,105.854576,35.0
21.035316,105.854583,33.2
21.035199,105.854654,35.0
21.035170,105.854672,34.8
21.035052,105.854742,35.0
21.034945,105.854806,35.0
21.034827,105.854876,35.0
21.034709,105.854946,35.0
21.034594,105.855014,32.9
21.034470,105.855071,35.0
21.034346,105.855129,35.0
21.034223,105.855186,35.0
21.034099,105.855244,35.0
21.034020,105.855280,30.2
21.033888,105.855307,29.6
21.033766,105.855368,35.0
21.033643,105.855429,35.0
21.033521,105.855490,35.0
21.033399,105.855550,35.0
21.033276,105.855611,35.0
21.033154,105.855672,35.0
21.033032,105.855733,35.0
21.032909,105.855794,35.0
21.032787,105.855855,35.0
21.032710,105.855893,35.0
21.032648,105.855924,34.2
21.032524,105.855980,35.0
21.032400,105.856037,35.0
21.032275,105.856093,35.0
21.032151,105.856150,35.0
21.032027,105.856206,35.0
21.031903,105.856263,35.0
21.031779,105.856319,35.0
21.031654,105.856375,35.0
21.031563,105.856417,34.7
21.031514,105.856440,34.2
21.031388,105.856493,35.0
21.031324,105.856520,12.0
21.031314,105.856402,34.4
21.031298,105.856259,35.0
21.031282,105.856115,35.0
21.031266,105.855972,35.0
21.031265,105.855967,27.9
21.031292,105.855826,33.2
21.031304,105.855719,34.9
21.031321,105.855576,35.0
21.031338,105.855432,35.0
21.031355,105.855289,35.0
21.031371,105.855145,35.0
21.031388,105.855002,35.0
21.031405,105.854859,35.0
21.031422,105.854715,35.0
21.031425,105.854690,33.8
21.031433,105.854568,31.5
21.031422,105.854434,34.1
21.031416,105.854290,35.0
21.031409,105.854145,35.0
21.031403,105.854001,35.0
21.031399,105.853909,32.1
21.031385,105.853825,34.8
21.031362,105.853683,35.0
21.031340,105.853540,35.0
21.031322,105.853429,34.9
21.031303,105.853306,12.0
21.031419,105.853232,35.0
21.031535,105.853158,35.0
21.031572,105.853134,30.3
21.031606,105.853100,30.9
21.031630,105.853065,27.6
21.031645,105.853012,33.3
21.031654,105.852968,33.9
21.031664,105.852904,34.8
21.031676,105.852823,34.4
21.031693,105.852680,35.0
21.031711,105.852536,35.0
21.031718,105.852478,34.9
21.031736,105.852335,35.0
21.031753,105.852199,33.9
21.031778,105.852057,35.0
21.031778,105.852056,34.8
21.031790,105.851984,32.2
21.031802,105.851943,30.1
21.031842,105.851869,32.4
21.031866,105.851809,30.5
21.031882,105.851724,29.9
21.031879,105.851633,30.4
21.031859,105.851548,32.0
21.031825,105.851458,33.5
21.031794,105.851390,33.0
21.031760,105.851330,27.2
21.031740,105.851313,33.2
21.031642,105.851214,35.0
21.031580,105.851152,33.7
21.031476,105.851060,35.0
21.031469,105.851053,34.0
21.031406,105.851002,27.8
21.031335,105.850977,34.5
21.031249,105.850949,30.2
21.031137,105.850940,33.7
21.031075,105.850939,32.1
21.031003,105.850948,34.8
21.030977,105.850951,33.1
21.030886,105.850970,34.2
21.030862,105.850976,34.6
21.030730,105.851006,35.0
21.030598,105.851037,35.0
21.030597,105.851037,34.9
21.030494,105.851061,34.3
21.030363,105.851096,35.0
21.030311,105.851110,34.5
21.030179,105.851142,35.0
21.030048,105.851174,35.0
21.029916,105.851205,35.0
21.029785,105.851237,35.0
21.029653,105.851269,35.0
21.029521,105.851301,35.0
21.029390,105.851333,35.0
21.029272,105.851361,34.0
21.029157,105.851383,34.6
21.029138,105.851387,33.2
21.029055,105.851397,33.4
21.028962,105.851401,34.1
21.028878,105.851401,12.0
21.028878,105.851401,12.0
21.028785,105.851395,32.3
21.028652,105.851369,35.0
21.028529,105.851344,34.1
21.028397,105.851312,35.0
21.028360,105.851303,34.7
21.028251,105.851275,32.3
21.028144,105.851232,33.9
21.028084,105.851204,28.4
21.027990,105.851117,14.8
21.027858,105.851147,35.0
21.027738,105.851174,34.2
21.027607,105.851209,35.0
21.027476,105.851244,35.0
21.027345,105.851278,35.0
21.027214,105.851313,35.0
21.027083,105.851348,35.0
21.026952,105.851383,35.0
21.026821,105.851417,35.0
21.026736,105.851440,35.0
21.026605,105.851475,35.0
21.026474,105.851509,35.0
21.026343,105.851544,35.0
21.026212,105.851579,35.0
21.026139,105.851598,32.7
21.026067,105.851626,34.9
21.025960,105.851667,27.3
21.025825,105.851666,35.0
21.025808,105.851666,28.8
21.025679,105.851625,35.0
21.025549,105.851584,35.0
21.025420,105.851542,35.0
21.025291,105.851501,35.0
21.025161,105.851460,35.0
21.025136,105.851452,34.6
21.025006,105.851413,35.0
21.024876,105.851375,35.0
21.024844,105.851365,34.1
21.024719,105.851322,34.4
21.024589,105.851282,35.0
21.024542,105.851267,34.6
21.024413,105.851224,35.0
21.024284,105.851182,35.0
21.024155,105.851139,35.0
21.024026,105.851096,35.0
21.023898,105.851054,35.0
21.023769,105.851011,35.0
21.023708,105.850991,34.4
21.023580,105.850945,35.0
21.023452,105.850899,35.0
21.023376,105.850871,34.6
21.023247,105.850827,35.0
21.023226,105.850820,34.6
21.023097,105.850779,35.0
21.023054,105.850765,34.9
21.022925,105.850725,35.0
21.022795,105.850684,35.0
21.022731,105.850664,34.7
21.022602,105.850622,35.0
21.022473,105.850580,35.0
21.022344,105.850538,35.0
21.022215,105.850495,35.0
21.022086,105.850453,35.0
21.021957,105.850411,35.0
21.021828,105.850369,35.0
21.021699,105.850327,35.0
21.021663,105.850315,34.7
21.021561,105.850280,34.4
21.021432,105.850239,35.0
21.021430,105.850239,34.6
21.021301,105.850196,35.0
21.021172,105.850153,35.0
21.021044,105.850110,35.0
21.020915,105.850067,35.0
21.020786,105.850024,35.0
21.020657,105.849981,35.0
21.020624,105.849970,34.7
21.020496,105.849925,35.0
21.020378,105.849884,34.5
21.020307,105.849861,34.7
21.020178,105.849817,35.0
21.020050,105.849773,35.0
21.019921,105.849729,35.0
21.019793,105.849686,35.0
21.019664,105.849642,35.0
21.019583,105.849614,34.8
21.019492,105.849584,34.9
21.019363,105.849542,35.0
21.019234,105.849501,35.0
21.019104,105.849459,35.0
21.018975,105.849418,35.0
21.018883,105.849388,34.4
21.018755,105.849343,35.0
21.018750,105.849341,33.4
21.018619,105.849306,35.0
21.018576,105.849294,30.7
21.018441,105.849287,35.0
21.018410,105.849285,34.4
21.018275,105.849282,35.0
21.018140,105.849278,35.0
21.018005,105.849275,35.0
21.017871,105.849271,35.0
21.017736,105.849268,35.0
21.017601,105.849264,35.0
21.017476,105.849261,34.8
21.017341,105.849259,35.0
21.017206,105.849256,35.0
21.017088,105.849254,34.9
21.016998,105.849252,34.7
21.016863,105.849251,35.0
21.016847,105.849251,34.4
21.016712,105.849246,35.0
21.016577,105.849242,35.0
21.016443,105.849237,35.0
21.016308,105.849233,35.0
21.016173,105.849228,35.0
21.016038,105.849224,35.0
21.015903,105.849219,35.0
21.015768,105.849214,35.0
21.015634,105.849210,35.0
21.015499,105.849205,35.0
21.015364,105.849201,35.0
21.015311,105.849199,34.5
21.015208,105.849198,34.7
21.015087,105.849195,35.0
21.014952,105.849191,35.0
21.014817,105.849188,35.0
21.014682,105.849184,35.0
21.014548,105.849181,35.0
21.014413,105.849177,35.0
21.014278,105.849174,35.0
21.014143,105.849170,35.0
21.014008,105.849167,35.0
21.013873,105.849163,35.0
21.013738,105.849160,35.0
21.013709,105.849159,34.9
21.013574,105.849156,35.0
21.013554,105.849156,34.7
21.013419,105.849151,35.0
21.013387,105.849150,35.0
21.013252,105.849145,35.0
21.013247,105.849145,35.0
21.013112,105.849141,35.0
21.012977,105.849136,35.0
21.012843,105.849132,35.0
21.012708,105.849127,35.0
21.012573,105.849123,35.0
21.012438,105.849118,35.0
21.012438,105.849118,34.5
21.012303,105.849117,35.0
21.012168,105.849116,35.0
21.012033,105.849115,35.0
21.011961,105.849114,34.8
21.011867,105.849114,34.9
21.011732,105.849113,35.0
21.011728,105.849113,34.3
21.011593,105.849107,35.0
21.011458,105.849101,35.0
21.011426,105.849100,34.9
21.011291,105.849095,35.0
21.011233,105.849093,34.8
21.011098,105.849087,35.0
21.010965,105.849081,34.1
21.010841,105.849081,34.3
21.010706,105.849077,35.0
21.010659,105.849075,17.6
21.010561,105.849175,35.0
21.010463,105.849274,35.0
21.010431,105.849307,34.7
21.010332,105.849405,35.0
21.010233,105.849503,35.0
21.010134,105.849601,35.0
21.010035,105.849699,35.0
21.009935,105.849797,35.0
21.009836,105.849895,35.0
21.009784,105.849947,34.6
21.009686,105.850047,35.0
21.009589,105.850147,35.0
21.009491,105.850246,35.0
21.009394,105.850346,35.0
21.009296,105.850446,35.0
21.009199,105.850546,35.0
21.009172,105.850573,34.1
21.009071,105.850668,35.0
21.009017,105.850719,34.9
21.008917,105.850814,34.4
21.008818,105.850913,35.0
21.008813,105.850918,28.6
21.008692,105.850982,35.0
21.008597,105.851033,12.0
21.008593,105.851177,35.0
21.008591,105.851252,33.2
21.008586,105.851299,33.1
21.008583,105.851410,34.5
21.008576,105.851554,35.0
21.008574,105.851599,34.7
21.008569,105.851743,35.0
21.008564,105.851888,35.0
21.008560,105.851998,32.8
21.008542,105.852141,35.0
21.008539,105.852163,34.6
21.008528,105.852264,33.4
21.008522,105.852408,35.0
21.008517,105.852553,35.0
21.008514,105.852625,33.7
21.008516,105.852769,35.0
21.008518,105.852903,32.9
21.008533,105.853047,35.0
21.008547,105.853190,35.0
21.008553,105.853244,32.1
21.008585,105.853384,35.0
21.008616,105.853520,34.5
21.008645,105.853661,35.0
21.008674,105.853802,35.0
21.008702,105.853944,35.0
21.008731,105.854085,35.0
21.008760,105.854226,35.0
21.008789,105.854367,35.0
21.008818,105.854508,35.0
21.008824,105.854539,34.4
21.008849,105.854681,35.0
21.008851,105.854690,34.8
21.008877,105.854832,35.0
21.008897,105.854937,34.8
21.008925,105.855078,35.0
21.008952,105.855220,35.0
21.008980,105.855361,35.0
21.009008,105.855503,35.0
21.009021,105.855571,32.8
21.009035,105.855715,35.0
21.009049,105.855858,35.0
21.009061,105.855975,32.8
21.009062,105.856120,35.0
21.009063,105.856254,34.6
21.009062,105.856398,35.0
21.009061,105.856543,35.0
21.009059,105.856687,35.0
21.009058,105.856832,35.0
21.009057,105.856976,35.0
21.009056,105.857121,35.0
21.009055,105.857237,33.6
21.009046,105.857374,34.3
21.009041,105.857518,35.0
21.009039,105.857567,34.1
21.009039,105.857712,35.0
21.009040,105.857856,35.0
21.009040,105.858001,35.0
21.009041,105.858145,35.0
21.009041,105.858290,35.0
21.009042,105.858434,35.0
21.009042,105.858522,29.8
21.009011,105.858663,35.0
21.008993,105.858741,30.3
21.008990,105.858885,35.0
21.008988,105.859030,35.0
21.008985,105.859174,35.0
21.008983,105.859292,34.2
21.008985,105.859436,35.0
21.008988,105.859581,35.0
21.008988,105.859603,34.5
21.008987,105.859748,35.0
21.008987,105.859756,34.5
21.008989,105.859900,35.0
21.008991,105.860045,35.0
21.008992,105.860094,33.8
21.008987,105.860238,35.0
21.008981,105.860383,35.0
21.008980,105.860419,23.1
21.008913,105.860528,30.8
21.008851,105.860596,31.7
21.008788,105.860647,30.5
21.008697,105.860693,24.8
21.008582,105.860690,33.7
21.008499,105.860693,34.0
21.008365,105.860704,35.0
21.008230,105.860715,35.0
21.008138,105.860723,34.3
21.008004,105.860739,35.0
21.007870,105.860755,35.0
21.007804,105.860763,33.1
21.007672,105.860791,35.0
21.007655,105.860795,33.1
21.007548,105.860808,34.9
21.007414,105.860823,35.0
21.007408,105.860824,33.9
21.007275,105.860846,35.0
21.007204,105.860858,34.6
21.007074,105.860877,33.5
21.006939,105.860887,35.0
21.006907,105.860889,34.4
21.006773,105.860903,35.0
21.006638,105.860917,35.0
21.006504,105.860931,35.0
21.006384,105.860943,35.0
